{"cameraMode":{"drawMode":0,"name":"Shaded","section":"Shading Mode"},"sceneLighting":true,"audioPlay":false,"sceneViewState":{"m_AlwaysRefresh":false,"showFog":true,"showSkybox":true,"showFlares":true,"showImageEffects":true,"showParticleSystems":true,"showVisualEffectGraphs":true,"m_FxEnabled":true},"in2DMode":false,"pivot":{"x":678.4285888671875,"y":605.6085815429688,"z":-416.0106201171875},"rotation":{"x":0.23795831203460694,"y":-0.018943969160318376,"z":0.004641488194465637,"w":0.9710813164710999},"size":103.07764434814453,"orthographic":false}