{"cameraMode":{"drawMode":0,"name":"Shaded","section":"Shading Mode"},"sceneLighting":true,"audioPlay":false,"sceneViewState":{"m_AlwaysRefresh":false,"showFog":true,"showSkybox":true,"showFlares":true,"showImageEffects":true,"showParticleSystems":true,"showVisualEffectGraphs":true,"m_FxEnabled":true},"in2DMode":false,"pivot":{"x":1041.8455810546875,"y":575.735595703125,"z":-128.19871520996095},"rotation":{"x":0.10583341866731644,"y":-0.2025667279958725,"z":0.022025244310498239,"w":0.9733072519302368},"size":60.50444412231445,"orthographic":true}